,K-Values,Error Rate
0,1,0.05387205387205387
1,3,0.04713804713804714
2,5,0.04713804713804714
3,7,0.05387205387205387
